{
    "Task01_BrainTumour": {
        "spacing": [
            1.0,
            1.0,
            1.0
        ],
        "mean": [
            0.2986226962311113,
            0.25787507083725536,
            0.2680531304278693,
            0.29744704622305834
        ],
        "std": [
            0.22235905665417702,
            0.22243012926788025,
            0.22241682446836175,
            0.22249324796540865
        ],
        "0.5": [
            0.03374233128834356,
            0.02053388090349076,
            0.022222222222222223,
            0.05845511482254697
        ],
        "99.5": [
            0.7062196735774151,
            0.5748738081884465,
            0.757405269854603,
            0.9116555308092057
        ]
    },
    "Task02_Heart": {
        "spacing": [
            1.25,
            1.25,
            1.3700000047683716
        ],
        "mean": 0.5491150346991763,
        "std": 0.09461715421305575,
        "0.5": 0.31076358578732477,
        "99.5": 0.7577273131953374
    },
    "Task03_Liver": {
        "spacing": [
            0.767578125,
            0.767578125,
            1.0
        ],
        "mean": 98.31418119455216,
        "std": 37.09333373205783,
        "0.5": -45.0,
        "99.5": 202.0
    },
    "Task04_Hippocampus": {
        "spacing": [
            1.0,
            1.0,
            1.0
        ],
        "mean": 0.20792841127022862,
        "std": 0.0937099416077794,
        "0.5": 0.05696077171920781,
        "99.5": 0.5850339955173323
    },
    "Task05_Prostate": {
        "spacing": [
            0.625,
            0.625,
            3.5999999046325684
        ],
        "mean": [
            0.11060284258930414,
            0.4264420801429363
        ],
        "std": [
            0.12370221412814142,
            0.12431874211987622
        ],
        "0.5": [
            0.02617996214251589,
            0.0
        ],
        "99.5": [
            0.29120877469761847,
            0.7732000400306335
        ]
    },
    "Task06_Lung": {
        "spacing": [
            0.78515625,
            0.78515625,
            1.244979977607727
        ],
        "mean": -149.24807568337386,
        "std": 309.0251297519518,
        "0.5": -1024.0,
        "99.5": 327.0
    },
    "Task07_Pancreas": {
        "spacing": [
            0.8037109971046448,
            0.8037109971046448,
            2.5
        ],
        "mean": 75.87917082500812,
        "std": 54.47760850601514,
        "0.5": -99.0,
        "99.5": 218.0
    },
    "Task08_HepaticVessel": {
        "spacing": [
            0.7988280057907104,
            0.7988280057907104,
            5.0
        ],
        "mean": 104.06887850565069,
        "std": 50.104466574894715,
        "0.5": -6.0,
        "99.5": 268.0
    },
    "Task09_Spleen": {
        "spacing": [
            0.7929689884185791,
            0.7929689884185791,
            5.0
        ],
        "mean": 98.68769851476915,
        "std": 36.58527960293641,
        "0.5": -40.0,
        "99.5": 176.0
    },
    "Task10_Colon": {
        "spacing": [
            0.78125,
            0.78125,
            5.0
        ],
        "mean": 64.47953329814904,
        "std": 30.2045403750193,
        "0.5": -31.0,
        "99.5": 165.0
    }
}